language,adj_refusal,understood,total
English,0.7792207792207793,77,100
Mandarin,0.8,20,100
Arabic,0.5,18,100
Hindi,1.0,2,100
Greek,0.4,5,100
Spanish,0.7407407407407407,27,100
Portuguese,0.6428571428571429,28,100
Korean,0.75,20,100
Japanese,0.6,25,100
Katakana,1.0,4,100
Hiragana,0.8,5,100
Hentaigana,,0,100
